title,company,reward,url
DevOps,온택트헬스,"<span class=""JobCard_reward__cNlG5"">합격보상금 100만원</span>",https://www.wanted.co.kr/wd/225076
DevOps Engineer,메이아이,"<span class=""JobCard_reward__cNlG5"">합격보상금 100만원</span>",https://www.wanted.co.kr/wd/217811
DevOps,워트인텔리전스,"<span class=""JobCard_reward__cNlG5"">합격보상금 100만원</span>",https://www.wanted.co.kr/wd/223800
Web Service DevOps Engineer,오픈엣지스퀘어,"<span class=""JobCard_reward__cNlG5"">합격보상금 100만원</span>",https://www.wanted.co.kr/wd/205787
데브옵스 엔지니어,코빗(Korbit),"<span class=""JobCard_reward__cNlG5"">합격보상금 100만원</span>",https://www.wanted.co.kr/wd/219054
DevOps 엔지니어,스트리미(Streami),"<span class=""JobCard_reward__cNlG5"">합격보상금 100만원</span>",https://www.wanted.co.kr/wd/217310
[삼양식품] Healthcare BU HC플랫폼개발팀 DevOps파트,삼양식품,"<span class=""JobCard_reward__cNlG5"">합격보상금 100만원</span>",https://www.wanted.co.kr/wd/224347
DevOps 컨설턴트,인포그랩,"<span class=""JobCard_reward__cNlG5"">합격보상금 100만원</span>",https://www.wanted.co.kr/wd/138512
DevOps,온택트헬스,"<span class=""JobCard_reward__cNlG5"">합격보상금 100만원</span>",https://www.wanted.co.kr/wd/225076
DevOps Engineer,메이아이,"<span class=""JobCard_reward__cNlG5"">합격보상금 100만원</span>",https://www.wanted.co.kr/wd/217811
DevOps,워트인텔리전스,"<span class=""JobCard_reward__cNlG5"">합격보상금 100만원</span>",https://www.wanted.co.kr/wd/223800
Web Service DevOps Engineer,오픈엣지스퀘어,"<span class=""JobCard_reward__cNlG5"">합격보상금 100만원</span>",https://www.wanted.co.kr/wd/205787
데브옵스 엔지니어,코빗(Korbit),"<span class=""JobCard_reward__cNlG5"">합격보상금 100만원</span>",https://www.wanted.co.kr/wd/219054
DevOps 엔지니어,스트리미(Streami),"<span class=""JobCard_reward__cNlG5"">합격보상금 100만원</span>",https://www.wanted.co.kr/wd/217310
[삼양식품] Healthcare BU HC플랫폼개발팀 DevOps파트,삼양식품,"<span class=""JobCard_reward__cNlG5"">합격보상금 100만원</span>",https://www.wanted.co.kr/wd/224347
DevOps 컨설턴트,인포그랩,"<span class=""JobCard_reward__cNlG5"">합격보상금 100만원</span>",https://www.wanted.co.kr/wd/138512
웹 최적화 솔루션 DevOps 엔지니어 및 제품 컨설턴트,와인소프트,"<span class=""JobCard_reward__cNlG5"">합격보상금 100만원</span>",https://www.wanted.co.kr/wd/194392
아틀라시안 & 데브옵스 솔루션 엔지니어,플래티어,"<span class=""JobCard_reward__cNlG5"">합격보상금 100만원</span>",https://www.wanted.co.kr/wd/126370
DevOps 엔지니어,시어스랩(Seerslab),"<span class=""JobCard_reward__cNlG5"">합격보상금 100만원</span>",https://www.wanted.co.kr/wd/225673
DevOps Engineer (4년 이상),모니터랩,"<span class=""JobCard_reward__cNlG5"">합격보상금 100만원</span>",https://www.wanted.co.kr/wd/160414
DevOps 엔지니어(3년이상),버즈빌(buzzvil),"<span class=""JobCard_reward__cNlG5"">합격보상금 100만원</span>",https://www.wanted.co.kr/wd/222666
AI어시스턴트팀-DevOps,라온피플,"<span class=""JobCard_reward__cNlG5"">합격보상금 100만원</span>",https://www.wanted.co.kr/wd/223642
주니어 DevOps 엔지니어,스탠바이랩,"<span class=""JobCard_reward__cNlG5"">합격보상금 100만원</span>",https://www.wanted.co.kr/wd/223667
모빌리티 IoT 프레임워크/솔루션 인프라/DevOps 담당자,알티모빌리티,"<span class=""JobCard_reward__cNlG5"">합격보상금 100만원</span>",https://www.wanted.co.kr/wd/217567
DevOps,아키스케치,"<span class=""JobCard_reward__cNlG5"">합격보상금 100만원</span>",https://www.wanted.co.kr/wd/226059
[혁신기술 2팀] DevOps엔지니어 (CI/CD) / 선임,이노그리드,"<span class=""JobCard_reward__cNlG5"">합격보상금 100만원</span>",https://www.wanted.co.kr/wd/220210
DevOps Engineer(5년 이상),비에이치에스엔,"<span class=""JobCard_reward__cNlG5"">합격보상금 100만원</span>",https://www.wanted.co.kr/wd/219807
[100억↑투자] DevOps Engineer,아이브,"<span class=""JobCard_reward__cNlG5"">합격보상금 100만원</span>",https://www.wanted.co.kr/wd/214285
DevOps Engineer (운영 / 유지보수),오케스트로,"<span class=""JobCard_reward__cNlG5"">합격보상금 100만원</span>",https://www.wanted.co.kr/wd/212763
AI SaaS DevOps Engineer,히츠,"<span class=""JobCard_reward__cNlG5"">합격보상금 100만원</span>",https://www.wanted.co.kr/wd/221870
DevOps Team Leader,여기어때컴퍼니,"<span class=""JobCard_reward__cNlG5"">합격보상금 100만원</span>",https://www.wanted.co.kr/wd/198337
Devops 및 시스템 구축/운영 담당자,에이비스(AIVIS),"<span class=""JobCard_reward__cNlG5"">합격보상금 100만원</span>",https://www.wanted.co.kr/wd/226234
DevOps Engineer (Senior/Staff),에이스웍스코리아,"<span class=""JobCard_reward__cNlG5"">합격보상금 100만원</span>",https://www.wanted.co.kr/wd/205462
DevOps 엔지니어,오나인솔루션즈코리아,"<span class=""JobCard_reward__cNlG5"">합격보상금 100만원</span>",https://www.wanted.co.kr/wd/217126
DevOps Engineer (5년 이상),미소(miso),"<span class=""JobCard_reward__cNlG5"">합격보상금 100만원</span>",https://www.wanted.co.kr/wd/189240
[200억↑투자] Devops Engineer,시나몬,"<span class=""JobCard_reward__cNlG5"">합격보상금 100만원</span>",https://www.wanted.co.kr/wd/175379
Infra / DevOps 엔지니어(시니어),웨이커,"<span class=""JobCard_reward__cNlG5"">합격보상금 100만원</span>",https://www.wanted.co.kr/wd/197911
[400억↑투자] DevOps Engineer,수퍼톤,"<span class=""JobCard_reward__cNlG5"">합격보상금 100만원</span>",https://www.wanted.co.kr/wd/174369
DevOps (8-10년),디플래닉스(Dplanex),"<span class=""JobCard_reward__cNlG5"">합격보상금 100만원</span>",https://www.wanted.co.kr/wd/211806
DevOps 엔지니어,인포그랩,"<span class=""JobCard_reward__cNlG5"">합격보상금 100만원</span>",https://www.wanted.co.kr/wd/108741
[DevOps] Back-end Engineer,바잉스퀘어,"<span class=""JobCard_reward__cNlG5"">합격보상금 100만원</span>",https://www.wanted.co.kr/wd/196046
DevOps/MLOps Engineer (Senior),웨어러블에이아이,"<span class=""JobCard_reward__cNlG5"">합격보상금 100만원</span>",https://www.wanted.co.kr/wd/221687
DevOps 엔지니어 (3년 이상),누아,"<span class=""JobCard_reward__cNlG5"">합격보상금 100만원</span>",https://www.wanted.co.kr/wd/215040
DEVOPS / Infrastructure 엔지니어,보스반도체,"<span class=""JobCard_reward__cNlG5"">합격보상금 100만원</span>",https://www.wanted.co.kr/wd/219792
[상암상주] DevOps 엔지니어,링네트,"<span class=""JobCard_reward__cNlG5"">합격보상금 100만원</span>",https://www.wanted.co.kr/wd/221836
DevOps 엔지니어 (5년 이상),아더월드,"<span class=""JobCard_reward__cNlG5"">합격보상금 100만원</span>",https://www.wanted.co.kr/wd/224066
DevOps & SE,한국포인트거래소,"<span class=""JobCard_reward__cNlG5"">합격보상금 100만원</span>",https://www.wanted.co.kr/wd/196709
DevOps Engineer,보닥(아이지넷),"<span class=""JobCard_reward__cNlG5"">합격보상금 100만원</span>",https://www.wanted.co.kr/wd/222199
[200억↑투자] 데브옵스 엔지니어,페이히어,"<span class=""JobCard_reward__cNlG5"">합격보상금 100만원</span>",https://www.wanted.co.kr/wd/190369
[SWING] DevOps Engineer,더스윙,"<span class=""JobCard_reward__cNlG5"">합격보상금 100만원</span>",https://www.wanted.co.kr/wd/218373
MLOps Engineer (DevOps Engineer),플루언트,"<span class=""JobCard_reward__cNlG5"">합격보상금 100만원</span>",https://www.wanted.co.kr/wd/213313
ITIL/ITSM과 DevOps 컨설팅 및 로드맵,플래티어,"<span class=""JobCard_reward__cNlG5"">합격보상금 100만원</span>",https://www.wanted.co.kr/wd/218176
